,mse_mean,mse_var,mse_std,mse_50q,mse_90q,rsd
Gossip,6644.8622465783155,,8607.204016259697,2803.6521333394503,20182.6637662639,1.2953171483264176
Single,7543.945536215161,,9852.072322029175,3277.7780826558674,23423.332720989652,1.305957509201745
Centralized,1324.3711122971501,,701.9193510313539,1216.2716070224392,2360.7188007788,0.5300020096435505
