,mse_mean,mse_var,mse_std,mse_50q,mse_90q,rsd
Gossip,3276.4158702485315,,3402.631817861925,1984.8037607211438,7715.776514919516,1.038522566307744
Single,7543.945536215161,,9852.072322029175,3277.7780826558674,23423.332720989652,1.305957509201745
Centralized,1324.3711122971501,,701.9193510313539,1216.2716070224392,2360.7188007788,0.5300020096435505
