,mse_mean,mse_var,mse_std,mse_50q,mse_90q,rsd
Gossip,4182.882980188061,,5995.034966789256,1889.5906367491152,9880.305637245783,1.4332303808603608
Single,7543.945536215161,,9852.072322029175,3277.7780826558674,23423.332720989652,1.305957509201745
Centralized,1324.3711122971501,,701.9193510313539,1216.2716070224392,2360.7188007788,0.5300020096435505
