,mse_mean,mse_var,mse_std,mse_50q,mse_90q,rsd
Gossip,1400.983787519352,,1728.3718111943078,888.1456353687246,3385.9638586383776,1.2336843770723747
Single,1509.578357949136,,2767.6362442233403,868.2042521717383,3216.7305796695446,1.833383626394433
Centralized,1321.7725735377264,,1403.0990796941414,886.4274257976384,3185.40773310492,1.0615283656088765
