,mse_mean,mse_var,mse_std,mse_50q,mse_90q,rsd
Gossip,3377.1506022376707,,3949.409970368867,1662.4252152138884,8363.209878320142,1.1694503549092605
Single,7543.945536215161,,9852.072322029175,3277.7780826558674,23423.332720989652,1.305957509201745
Centralized,1324.3711122971501,,701.9193510313539,1216.2716070224392,2360.7188007788,0.5300020096435505
